strategy,S,N,jobs,est_wall_s,speedup_vs_45,r5_lit,r5_tie,r10_lit,r10_tie,named_docked,named_rank,v7_r5_lit,surrRF_r5_lit
control_v7_topS,5,5,20,753.9,9.46,1,2,3,7,False,,1,0
control_v7_topS,5,6,24,858.3,8.31,1,2,3,7,False,,1,1
control_v7_topS,5,7,28,942.4,7.57,1,2,3,7,False,,1,1
control_v7_topS,5,8,32,1049.0,6.8,1,2,3,7,False,,1,1
control_v7_topS,5,9,36,1089.3,6.55,1,2,3,7,False,,1,1
control_v7_topS,5,10,40,1398.1,5.1,1,2,3,7,False,,2,1
control_v7_topS,5,11,44,1454.4,4.91,1,2,3,7,False,,2,1
control_v7_topS,5,12,48,1532.6,4.65,1,2,3,7,False,,2,2
control_v7_topS,5,13,52,1688.9,4.22,1,2,3,7,False,,2,3
control_v7_topS,5,14,56,1753.2,4.07,1,2,3,7,False,,3,3
control_v7_topS,5,15,60,1877.4,3.8,1,2,3,7,False,,3,3
control_v7_topS,5,16,64,1931.4,3.69,1,2,3,7,False,,3,3
control_v7_topS,5,17,68,1983.6,3.6,1,2,3,7,False,,3,3
control_v7_topS,5,18,72,2007.7,3.55,1,2,3,7,False,,3,4
control_v7_topS,5,19,76,2059.7,3.46,1,2,3,7,False,,3,4
control_v7_topS,5,20,80,2099.8,3.4,1,2,3,7,False,,3,4
control_v7_topS,5,21,84,2182.1,3.27,2,2,4,7,False,,3,5
control_v7_topS,5,22,88,2350.5,3.04,3,4,5,9,False,,3,5
control_v7_topS,5,23,92,2472.9,2.88,3,4,5,9,False,,3,5
control_v7_topS,5,24,96,2511.1,2.84,3,4,5,9,False,,3,5
control_v7_topS,5,25,100,2597.2,2.75,3,4,5,9,False,,3,5
control_v7_topS,5,26,104,2797.5,2.55,3,4,6,9,False,,3,5
control_v7_topS,5,27,108,2879.7,2.48,3,4,6,9,False,,3,5
control_v7_topS,5,28,112,3015.9,2.37,3,4,6,9,False,,3,5
control_v7_topS,5,29,116,3170.2,2.25,4,5,7,10,True,1,3,5
control_v7_topS,5,30,120,3248.4,2.2,4,5,7,10,True,1,4,5
control_v7_topS,5,31,124,3314.7,2.15,4,5,7,10,True,1,4,5
control_v7_topS,5,32,128,3465.2,2.06,4,5,7,10,True,1,5,5
control_v7_topS,5,33,132,3618.7,1.97,5,5,8,10,True,1,5,5
control_v7_topS,5,34,136,3745.0,1.91,5,5,8,10,True,1,5,5
control_v7_topS,5,35,140,3853.2,1.85,5,5,9,10,True,1,5,5
control_v7_topS,5,36,144,3967.4,1.8,5,5,9,10,True,1,5,5
control_v7_topS,5,37,148,4097.6,1.74,5,5,9,10,True,1,5,5
control_v7_topS,5,38,152,4250.0,1.68,5,5,9,10,True,1,5,5
control_v7_topS,5,39,156,4695.2,1.52,5,5,10,10,True,1,5,5
control_v7_topS,5,40,160,4847.4,1.47,5,5,10,10,True,1,5,5
control_v7_topS,5,41,164,5003.8,1.43,5,5,10,10,True,1,5,5
control_v7_topS,8,8,32,1455.7,4.9,1,2,4,7,False,,1,1
control_v7_topS,8,9,36,1522.0,4.69,1,2,4,7,False,,1,1
control_v7_topS,8,10,40,1600.2,4.46,1,2,4,7,False,,2,1
control_v7_topS,8,11,44,1708.4,4.18,1,2,5,7,False,,2,1
control_v7_topS,8,12,48,1815.0,3.93,1,2,5,7,False,,2,2
control_v7_topS,8,13,52,1967.4,3.63,1,2,5,7,False,,2,3
control_v7_topS,8,14,56,2089.7,3.41,1,2,5,7,False,,3,3
control_v7_topS,8,15,60,2146.0,3.32,1,2,5,7,False,,3,3
control_v7_topS,8,16,64,2186.2,3.26,1,2,5,7,False,,3,3
control_v7_topS,8,17,68,2336.7,3.05,1,2,5,7,False,,3,3
control_v7_topS,8,18,72,2360.7,3.02,1,2,5,7,False,,3,4
control_v7_topS,8,19,76,2516.9,2.83,1,2,5,7,False,,3,4
control_v7_topS,8,20,80,2571.0,2.77,1,2,5,7,False,,3,4
control_v7_topS,8,21,84,2623.1,2.72,1,2,5,7,False,,3,5
control_v7_topS,8,22,88,2675.3,2.67,1,2,5,7,False,,3,5
control_v7_topS,8,23,92,2984.1,2.39,1,2,5,7,False,,3,5
control_v7_topS,8,24,96,3068.2,2.33,1,2,5,7,False,,3,5
control_v7_topS,8,25,100,3108.3,2.3,1,2,5,7,False,,3,5
control_v7_topS,8,26,104,3172.6,2.25,1,2,5,7,False,,3,5
control_v7_topS,8,27,108,3372.9,2.12,1,2,6,7,False,,3,5
control_v7_topS,8,28,112,3411.1,2.09,1,2,6,7,False,,3,5
control_v7_topS,8,29,116,3564.7,2.0,2,4,7,9,False,,3,5
control_v7_topS,8,30,120,3694.9,1.93,2,4,7,9,False,,4,5
control_v7_topS,8,31,124,3781.0,1.89,2,4,7,9,False,,4,5
control_v7_topS,8,32,128,3905.2,1.83,2,4,7,9,False,,5,5
control_v7_topS,8,33,132,3983.5,1.79,2,4,7,9,False,,5,5
control_v7_topS,8,34,136,4109.7,1.74,2,4,7,9,False,,5,5
control_v7_topS,8,35,140,4192.0,1.7,3,4,8,9,False,,5,5
control_v7_topS,8,36,144,4346.4,1.64,4,5,9,10,True,1,5,5
control_v7_topS,8,37,148,4460.6,1.6,4,5,9,10,True,1,5,5
control_v7_topS,8,38,152,4542.8,1.57,4,5,9,10,True,1,5,5
control_v7_topS,8,39,156,4711.2,1.51,5,5,10,10,True,1,5,5
control_v7_topS,8,40,160,4847.4,1.47,5,5,10,10,True,1,5,5
control_v7_topS,8,41,164,5003.8,1.43,5,5,10,10,True,1,5,5
control_v7_topS,10,10,40,1776.5,4.02,2,4,5,9,False,,2,1
control_v7_topS,10,11,44,1890.7,3.77,2,4,5,9,False,,2,1
control_v7_topS,10,12,48,1972.9,3.62,2,4,5,9,False,,2,2
control_v7_topS,10,13,52,2055.2,3.47,3,4,6,9,False,,2,3
control_v7_topS,10,14,56,2095.5,3.4,3,4,6,9,False,,3,3
control_v7_topS,10,15,60,2151.8,3.32,3,4,6,9,False,,3,3
control_v7_topS,10,16,64,2352.1,3.03,3,4,7,9,False,,3,3
control_v7_topS,10,17,68,2508.3,2.84,3,4,7,9,False,,3,3
control_v7_topS,10,18,72,2592.5,2.75,3,4,7,9,False,,3,4
control_v7_topS,10,19,76,2700.7,2.64,3,4,8,9,False,,3,4
control_v7_topS,10,20,80,2836.9,2.51,3,4,8,9,False,,3,4
control_v7_topS,10,21,84,2961.1,2.41,3,4,8,9,False,,3,5
control_v7_topS,10,22,88,3039.4,2.35,3,4,8,9,False,,3,5
control_v7_topS,10,23,92,3146.0,2.27,3,4,8,9,False,,3,5
control_v7_topS,10,24,96,3299.6,2.16,4,4,9,9,False,,3,5
control_v7_topS,10,25,100,3323.6,2.15,4,4,9,9,False,,3,5
control_v7_topS,10,26,104,3375.7,2.11,4,4,9,9,False,,3,5
control_v7_topS,10,27,108,3429.7,2.08,4,4,9,9,False,,3,5
control_v7_topS,10,28,112,3559.9,2.0,4,4,9,9,False,,3,5
control_v7_topS,10,29,116,3612.1,1.98,4,4,9,9,False,,3,5
control_v7_topS,10,30,120,3690.3,1.93,4,4,9,9,False,,4,5
control_v7_topS,10,31,124,3776.4,1.89,4,4,9,9,False,,4,5
control_v7_topS,10,32,128,3814.7,1.87,4,4,9,9,False,,5,5
control_v7_topS,10,33,132,3937.0,1.81,4,4,9,9,False,,5,5
control_v7_topS,10,34,136,3977.1,1.79,4,4,9,9,False,,5,5
control_v7_topS,10,35,140,4285.9,1.66,4,4,9,9,False,,5,5
control_v7_topS,10,36,144,4350.2,1.64,4,4,9,9,False,,5,5
control_v7_topS,10,37,148,4416.5,1.62,4,4,9,9,False,,5,5
control_v7_topS,10,38,152,4566.9,1.56,4,4,9,9,False,,5,5
control_v7_topS,10,39,156,4693.1,1.52,4,4,9,9,False,,5,5
control_v7_topS,10,40,160,4847.4,1.47,5,5,10,10,True,1,5,5
control_v7_topS,10,41,164,5003.8,1.43,5,5,10,10,True,1,5,5
control_v7_topS,13,13,52,2089.2,3.41,2,4,5,9,False,,2,3
control_v7_topS,13,14,56,2171.4,3.29,2,4,5,9,False,,3,3
control_v7_topS,13,15,60,2285.6,3.12,2,4,5,9,False,,3,3
control_v7_topS,13,16,64,2367.9,3.01,3,4,6,9,False,,3,3
control_v7_topS,13,17,68,2568.2,2.78,3,4,7,9,False,,3,3
control_v7_topS,13,18,72,2724.5,2.62,3,4,7,9,False,,3,4
control_v7_topS,13,19,76,2848.7,2.5,3,4,7,9,False,,3,4
control_v7_topS,13,20,80,3157.6,2.26,3,4,7,9,False,,3,4
control_v7_topS,13,21,84,3293.8,2.17,3,4,7,9,False,,3,5
control_v7_topS,13,22,88,3334.1,2.14,3,4,7,9,False,,3,5
control_v7_topS,13,23,92,3412.3,2.09,3,4,7,9,False,,3,5
control_v7_topS,13,24,96,3498.4,2.04,3,4,7,9,False,,3,5
control_v7_topS,13,25,100,3654.8,1.95,3,4,7,9,False,,3,5
control_v7_topS,13,26,104,3808.4,1.87,4,4,8,9,False,,3,5
control_v7_topS,13,27,108,3860.4,1.85,4,4,8,9,False,,3,5
control_v7_topS,13,28,112,4014.8,1.78,5,5,9,10,True,1,3,5
control_v7_topS,13,29,116,4068.8,1.75,5,5,9,10,True,1,3,5
control_v7_topS,13,30,120,4133.1,1.73,5,5,9,10,True,1,4,5
control_v7_topS,13,31,124,4283.5,1.67,5,5,9,10,True,1,4,5
control_v7_topS,13,32,128,4405.8,1.62,5,5,9,10,True,1,5,5
control_v7_topS,13,33,132,4514.0,1.58,5,5,10,10,True,1,5,5
control_v7_topS,13,34,136,4580.3,1.56,5,5,10,10,True,1,5,5
control_v7_topS,13,35,140,4686.9,1.52,5,5,10,10,True,1,5,5
control_v7_topS,13,36,144,4765.1,1.5,5,5,10,10,True,1,5,5
control_v7_topS,13,37,148,4817.3,1.48,5,5,10,10,True,1,5,5
control_v7_topS,13,38,152,4841.3,1.47,5,5,10,10,True,1,5,5
control_v7_topS,13,39,156,4925.5,1.45,5,5,10,10,True,1,5,5
control_v7_topS,13,40,160,4965.5,1.44,5,5,10,10,True,1,5,5
control_v7_topS,13,41,164,5003.8,1.43,5,5,10,10,True,1,5,5
control_v7_topS,16,16,64,2319.9,3.08,3,4,6,9,False,,3,3
control_v7_topS,16,17,68,2402.1,2.97,3,4,6,9,False,,3,3
control_v7_topS,16,18,72,2526.3,2.82,3,4,6,9,False,,3,4
control_v7_topS,16,19,76,2640.6,2.7,3,4,6,9,False,,3,4
control_v7_topS,16,20,80,2796.8,2.55,3,4,6,9,False,,3,4
control_v7_topS,16,21,84,2953.2,2.42,3,4,6,9,False,,3,5
control_v7_topS,16,22,88,3153.5,2.26,3,4,7,9,False,,3,5
control_v7_topS,16,23,92,3261.7,2.19,3,4,8,9,False,,3,5
control_v7_topS,16,24,96,3339.9,2.14,3,4,8,9,False,,3,5
control_v7_topS,16,25,100,3493.5,2.04,4,4,9,9,False,,3,5
control_v7_topS,16,26,104,3647.8,1.96,5,5,10,10,True,1,3,5
control_v7_topS,16,27,108,3784.1,1.89,5,5,10,10,True,1,3,5
control_v7_topS,16,28,112,3906.4,1.83,5,5,10,10,True,1,3,5
control_v7_topS,16,29,116,3958.5,1.8,5,5,10,10,True,1,3,5
control_v7_topS,16,30,120,4044.6,1.76,5,5,10,10,True,1,4,5
control_v7_topS,16,31,124,4096.8,1.74,5,5,10,10,True,1,4,5
control_v7_topS,16,32,128,4175.0,1.71,5,5,10,10,True,1,5,5
control_v7_topS,16,33,132,4241.3,1.68,5,5,10,10,True,1,5,5
control_v7_topS,16,34,136,4281.3,1.67,5,5,10,10,True,1,5,5
control_v7_topS,16,35,140,4321.6,1.65,5,5,10,10,True,1,5,5
control_v7_topS,16,36,144,4630.5,1.54,5,5,10,10,True,1,5,5
control_v7_topS,16,37,148,4780.9,1.49,5,5,10,10,True,1,5,5
control_v7_topS,16,38,152,4819.1,1.48,5,5,10,10,True,1,5,5
control_v7_topS,16,39,156,4873.2,1.46,5,5,10,10,True,1,5,5
control_v7_topS,16,40,160,4979.7,1.43,5,5,10,10,True,1,5,5
control_v7_topS,16,41,164,5003.8,1.43,5,5,10,10,True,1,5,5
control_v7_topS,20,20,80,2641.3,2.7,3,4,7,9,False,,3,4
control_v7_topS,20,21,84,2723.5,2.62,3,4,7,9,False,,3,5
control_v7_topS,20,22,88,2847.7,2.51,3,4,7,9,False,,3,5
control_v7_topS,20,23,92,3004.0,2.37,3,4,7,9,False,,3,5
control_v7_topS,20,24,96,3118.3,2.29,3,4,7,9,False,,3,5
control_v7_topS,20,25,100,3196.5,2.23,3,4,7,9,False,,3,5
control_v7_topS,20,26,104,3350.1,2.13,4,4,8,9,False,,3,5
control_v7_topS,20,27,108,3506.4,2.03,4,4,8,9,False,,3,5
control_v7_topS,20,28,112,3642.6,1.96,4,4,8,9,False,,3,5
control_v7_topS,20,29,116,3842.9,1.86,4,4,9,9,False,,3,5
control_v7_topS,20,30,120,3997.2,1.78,5,5,10,10,True,1,4,5
control_v7_topS,20,31,124,4147.6,1.72,5,5,10,10,True,1,4,5
control_v7_topS,20,32,128,4270.0,1.67,5,5,10,10,True,1,5,5
control_v7_topS,20,33,132,4322.0,1.65,5,5,10,10,True,1,5,5
control_v7_topS,20,34,136,4400.2,1.62,5,5,10,10,True,1,5,5
control_v7_topS,20,35,140,4709.1,1.51,5,5,10,10,True,1,5,5
control_v7_topS,20,36,144,4795.2,1.49,5,5,10,10,True,1,5,5
control_v7_topS,20,37,148,4847.4,1.47,5,5,10,10,True,1,5,5
control_v7_topS,20,38,152,4887.4,1.46,5,5,10,10,True,1,5,5
control_v7_topS,20,39,156,4925.7,1.45,5,5,10,10,True,1,5,5
control_v7_topS,20,40,160,4979.7,1.43,5,5,10,10,True,1,5,5
control_v7_topS,20,41,164,5003.8,1.43,5,5,10,10,True,1,5,5
maxmin_diversity,5,5,20,685.9,10.4,0,0,0,1,False,,1,0
maxmin_diversity,5,6,24,838.1,8.51,0,0,0,1,False,,1,1
maxmin_diversity,5,7,28,920.3,7.75,0,0,0,1,False,,1,1
maxmin_diversity,5,8,32,1038.6,6.87,0,0,0,1,False,,1,1
maxmin_diversity,5,9,36,1319.4,5.41,0,0,1,4,False,,1,1
maxmin_diversity,5,10,40,1473.0,4.84,1,2,2,6,False,,2,1
maxmin_diversity,5,11,44,1581.2,4.51,1,2,3,6,False,,2,1
maxmin_diversity,5,12,48,1731.6,4.12,1,2,3,6,False,,2,2
maxmin_diversity,5,13,52,1813.9,3.93,2,4,4,9,False,,2,3
maxmin_diversity,5,14,56,1892.2,3.77,2,4,4,9,False,,3,3
maxmin_diversity,5,15,60,2060.6,3.46,3,4,5,9,False,,3,3
maxmin_diversity,5,16,64,2186.8,3.26,3,4,5,9,False,,3,3
maxmin_diversity,5,17,68,2239.0,3.19,3,4,5,9,False,,3,3
maxmin_diversity,5,18,72,2393.3,2.98,4,5,6,10,True,1,3,4
maxmin_diversity,5,19,76,2459.6,2.9,4,5,6,10,True,1,3,4
maxmin_diversity,5,20,80,2547.9,2.8,5,5,7,10,True,1,3,4
maxmin_diversity,5,21,84,2684.1,2.66,5,5,7,10,True,1,3,5
maxmin_diversity,5,22,88,2794.4,2.55,5,5,8,10,True,1,3,5
maxmin_diversity,5,23,92,2918.6,2.44,5,5,8,10,True,1,3,5
maxmin_diversity,5,24,96,2970.6,2.4,5,5,8,10,True,1,3,5
maxmin_diversity,5,25,100,3008.9,2.37,5,5,8,10,True,1,3,5
maxmin_diversity,5,26,104,3048.9,2.34,5,5,8,10,True,1,3,5
maxmin_diversity,5,27,108,3494.1,2.04,5,5,9,10,True,1,3,5
maxmin_diversity,5,28,112,3578.2,1.99,5,5,9,10,True,1,3,5
maxmin_diversity,5,29,116,3778.5,1.89,5,5,10,10,True,1,3,5
maxmin_diversity,5,30,120,3934.8,1.81,5,5,10,10,True,1,4,5
maxmin_diversity,5,31,124,3975.1,1.79,5,5,10,10,True,1,4,5
maxmin_diversity,5,32,128,4097.4,1.74,5,5,10,10,True,1,5,5
maxmin_diversity,5,33,132,4253.8,1.68,5,5,10,10,True,1,5,5
maxmin_diversity,5,34,136,4368.0,1.63,5,5,10,10,True,1,5,5
maxmin_diversity,5,35,140,4524.4,1.58,5,5,10,10,True,1,5,5
maxmin_diversity,5,36,144,4580.6,1.56,5,5,10,10,True,1,5,5
maxmin_diversity,5,37,148,4604.6,1.55,5,5,10,10,True,1,5,5
maxmin_diversity,5,38,152,4690.8,1.52,5,5,10,10,True,1,5,5
maxmin_diversity,5,39,156,4744.8,1.5,5,5,10,10,True,1,5,5
maxmin_diversity,5,40,160,4897.2,1.46,5,5,10,10,True,1,5,5
maxmin_diversity,5,41,164,5003.8,1.43,5,5,10,10,True,1,5,5
maxmin_diversity,8,8,32,1149.0,6.21,0,0,1,4,False,,1,1
maxmin_diversity,8,9,36,1301.2,5.48,0,0,1,4,False,,1,1
maxmin_diversity,8,10,40,1455.6,4.9,1,1,2,5,True,1,2,1
maxmin_diversity,8,11,44,1537.9,4.64,2,3,3,8,True,1,2,1
maxmin_diversity,8,12,48,1620.1,4.4,2,3,3,8,True,1,2,2
maxmin_diversity,8,13,52,1773.7,4.02,3,5,4,10,True,1,2,3
maxmin_diversity,8,14,56,1851.9,3.85,3,5,4,10,True,1,3,3
maxmin_diversity,8,15,60,2020.3,3.53,4,5,5,10,True,1,3,3
maxmin_diversity,8,16,64,2138.7,3.34,4,5,5,10,True,1,3,3
maxmin_diversity,8,17,68,2262.9,3.15,4,5,5,10,True,1,3,3
maxmin_diversity,8,18,72,2314.9,3.08,4,5,5,10,True,1,3,4
maxmin_diversity,8,19,76,2367.1,3.01,4,5,5,10,True,1,3,4
maxmin_diversity,8,20,80,2493.4,2.86,4,5,5,10,True,1,3,4
maxmin_diversity,8,21,84,2629.6,2.71,4,5,5,10,True,1,3,5
maxmin_diversity,8,22,88,2910.3,2.45,4,5,6,10,True,1,3,5
maxmin_diversity,8,23,92,3060.8,2.33,4,5,6,10,True,1,3,5
maxmin_diversity,8,24,96,3146.9,2.27,4,5,6,10,True,1,3,5
maxmin_diversity,8,25,100,3255.1,2.19,4,5,7,10,True,1,3,5
maxmin_diversity,8,26,104,3321.4,2.15,4,5,7,10,True,1,3,5
maxmin_diversity,8,27,108,3361.4,2.12,4,5,7,10,True,1,3,5
maxmin_diversity,8,28,112,3449.7,2.07,5,5,8,10,True,1,3,5
maxmin_diversity,8,29,116,3533.8,2.02,5,5,8,10,True,1,3,5
maxmin_diversity,8,30,120,3590.1,1.99,5,5,8,10,True,1,4,5
maxmin_diversity,8,31,124,3644.1,1.96,5,5,8,10,True,1,4,5
maxmin_diversity,8,32,128,3682.4,1.94,5,5,8,10,True,1,5,5
maxmin_diversity,8,33,132,3792.6,1.88,5,5,9,10,True,1,5,5
maxmin_diversity,8,34,136,3816.7,1.87,5,5,9,10,True,1,5,5
maxmin_diversity,8,35,140,3930.9,1.81,5,5,9,10,True,1,5,5
maxmin_diversity,8,36,144,4376.1,1.63,5,5,10,10,True,1,5,5
maxmin_diversity,8,37,148,4416.4,1.62,5,5,10,10,True,1,5,5
maxmin_diversity,8,38,152,4538.7,1.57,5,5,10,10,True,1,5,5
maxmin_diversity,8,39,156,4695.0,1.52,5,5,10,10,True,1,5,5
maxmin_diversity,8,40,160,4851.4,1.47,5,5,10,10,True,1,5,5
maxmin_diversity,8,41,164,5003.8,1.43,5,5,10,10,True,1,5,5
maxmin_diversity,10,10,40,1429.6,4.99,0,0,1,4,False,,2,1
maxmin_diversity,10,11,44,1581.8,4.51,0,0,1,4,False,,2,1
maxmin_diversity,10,12,48,1664.0,4.29,0,0,1,4,False,,2,2
maxmin_diversity,10,13,52,1817.6,3.93,1,2,2,6,False,,2,3
maxmin_diversity,10,14,56,1895.8,3.76,1,2,2,6,False,,3,3
maxmin_diversity,10,15,60,2014.2,3.54,1,2,2,6,False,,3,3
maxmin_diversity,10,16,64,2096.5,3.4,2,4,3,9,False,,3,3
maxmin_diversity,10,17,68,2250.8,3.17,3,5,4,10,True,1,3,3
maxmin_diversity,10,18,72,2419.2,2.95,4,5,5,10,True,1,3,4
maxmin_diversity,10,19,76,2533.4,2.82,4,5,5,10,True,1,3,4
maxmin_diversity,10,20,80,2619.6,2.72,4,5,5,10,True,1,3,4
maxmin_diversity,10,21,84,2755.8,2.59,4,5,5,10,True,1,3,5
maxmin_diversity,10,22,88,2882.0,2.48,4,5,5,10,True,1,3,5
maxmin_diversity,10,23,92,2990.3,2.39,4,5,6,10,True,1,3,5
maxmin_diversity,10,24,96,3140.7,2.27,4,5,6,10,True,1,3,5
maxmin_diversity,10,25,100,3421.4,2.09,4,5,7,10,True,1,3,5
maxmin_diversity,10,26,104,3531.6,2.02,4,5,8,10,True,1,3,5
maxmin_diversity,10,27,108,3597.9,1.98,4,5,8,10,True,1,3,5
maxmin_diversity,10,28,112,3754.3,1.9,4,5,8,10,True,1,3,5
maxmin_diversity,10,29,116,4199.5,1.7,4,5,9,10,True,1,3,5
maxmin_diversity,10,30,120,4251.7,1.68,4,5,9,10,True,1,4,5
maxmin_diversity,10,31,124,4335.8,1.65,4,5,9,10,True,1,4,5
maxmin_diversity,10,32,128,4375.9,1.63,4,5,9,10,True,1,5,5
maxmin_diversity,10,33,132,4414.1,1.62,4,5,9,10,True,1,5,5
maxmin_diversity,10,34,136,4466.2,1.6,4,5,9,10,True,1,5,5
maxmin_diversity,10,35,140,4554.4,1.57,5,5,10,10,True,1,5,5
maxmin_diversity,10,36,144,4676.8,1.53,5,5,10,10,True,1,5,5
maxmin_diversity,10,37,148,4829.1,1.48,5,5,10,10,True,1,5,5
maxmin_diversity,10,38,152,4885.4,1.46,5,5,10,10,True,1,5,5
maxmin_diversity,10,39,156,4939.4,1.44,5,5,10,10,True,1,5,5
maxmin_diversity,10,40,160,4963.5,1.44,5,5,10,10,True,1,5,5
maxmin_diversity,10,41,164,5003.8,1.43,5,5,10,10,True,1,5,5
maxmin_diversity,13,13,52,1806.5,3.95,1,1,2,5,True,1,2,3
maxmin_diversity,13,14,56,1888.7,3.78,1,1,2,5,True,1,3,3
maxmin_diversity,13,15,60,1971.0,3.62,2,3,3,8,True,1,3,3
maxmin_diversity,13,16,64,2023.1,3.53,2,3,3,8,True,1,3,3
maxmin_diversity,13,17,68,2141.4,3.33,2,3,3,8,True,1,3,3
maxmin_diversity,13,18,72,2293.7,3.11,2,3,3,8,True,1,3,4
maxmin_diversity,13,19,76,2447.3,2.92,3,5,4,10,True,1,3,4
maxmin_diversity,13,20,80,2525.5,2.82,3,5,4,10,True,1,3,4
maxmin_diversity,13,21,84,2639.8,2.7,3,5,4,10,True,1,3,5
maxmin_diversity,13,22,88,2808.2,2.54,4,5,5,10,True,1,3,5
maxmin_diversity,13,23,92,3088.9,2.31,4,5,6,10,True,1,3,5
maxmin_diversity,13,24,96,3225.1,2.21,4,5,6,10,True,1,3,5
maxmin_diversity,13,25,100,3311.2,2.15,4,5,6,10,True,1,3,5
maxmin_diversity,13,26,104,3421.5,2.09,4,5,7,10,True,1,3,5
maxmin_diversity,13,27,108,3543.8,2.01,4,5,7,10,True,1,3,5
maxmin_diversity,13,28,112,3989.0,1.79,4,5,8,10,True,1,3,5
maxmin_diversity,13,29,116,4043.1,1.76,4,5,8,10,True,1,3,5
maxmin_diversity,13,30,120,4169.3,1.71,4,5,8,10,True,1,4,5
maxmin_diversity,13,31,124,4221.5,1.69,4,5,8,10,True,1,4,5
maxmin_diversity,13,32,128,4373.9,1.63,4,5,8,10,True,1,5,5
maxmin_diversity,13,33,132,4524.3,1.58,4,5,8,10,True,1,5,5
maxmin_diversity,13,34,136,4608.4,1.55,4,5,8,10,True,1,5,5
maxmin_diversity,13,35,140,4716.6,1.51,4,5,9,10,True,1,5,5
maxmin_diversity,13,36,144,4804.9,1.48,5,5,10,10,True,1,5,5
maxmin_diversity,13,37,148,4861.1,1.47,5,5,10,10,True,1,5,5
maxmin_diversity,13,38,152,4901.2,1.46,5,5,10,10,True,1,5,5
maxmin_diversity,13,39,156,4941.5,1.44,5,5,10,10,True,1,5,5
maxmin_diversity,13,40,160,4979.7,1.43,5,5,10,10,True,1,5,5
maxmin_diversity,13,41,164,5003.8,1.43,5,5,10,10,True,1,5,5
maxmin_diversity,16,16,64,2159.4,3.3,2,3,3,8,True,1,3,3
maxmin_diversity,16,17,68,2241.8,3.18,3,3,4,8,True,1,3,3
maxmin_diversity,16,18,72,2324.0,3.07,3,3,4,8,True,1,3,4
maxmin_diversity,16,19,76,2446.3,2.92,3,3,4,8,True,1,3,4
maxmin_diversity,16,20,80,2498.4,2.86,3,3,4,8,True,1,3,4
maxmin_diversity,16,21,84,2550.6,2.8,3,3,4,8,True,1,3,5
maxmin_diversity,16,22,88,2668.9,2.67,3,3,4,8,True,1,3,5
maxmin_diversity,16,23,92,2821.1,2.53,3,3,4,8,True,1,3,5
maxmin_diversity,16,24,96,2989.5,2.39,4,5,5,10,True,1,3,5
maxmin_diversity,16,25,100,3143.1,2.27,5,5,6,10,True,1,3,5
maxmin_diversity,16,26,104,3423.8,2.08,5,5,7,10,True,1,3,5
maxmin_diversity,16,27,108,3869.0,1.84,5,5,8,10,True,1,3,5
maxmin_diversity,16,28,112,4021.4,1.77,5,5,8,10,True,1,3,5
maxmin_diversity,16,29,116,4157.6,1.72,5,5,8,10,True,1,3,5
maxmin_diversity,16,30,120,4283.9,1.67,5,5,8,10,True,1,4,5
maxmin_diversity,16,31,124,4370.0,1.63,5,5,8,10,True,1,4,5
maxmin_diversity,16,32,128,4426.2,1.61,5,5,8,10,True,1,5,5
maxmin_diversity,16,33,132,4534.4,1.57,5,5,9,10,True,1,5,5
maxmin_diversity,16,34,136,4612.7,1.55,5,5,9,10,True,1,5,5
maxmin_diversity,16,35,140,4652.8,1.53,5,5,9,10,True,1,5,5
maxmin_diversity,16,36,144,4736.9,1.51,5,5,9,10,True,1,5,5
maxmin_diversity,16,37,148,4847.2,1.47,5,5,10,10,True,1,5,5
maxmin_diversity,16,38,152,4901.2,1.46,5,5,10,10,True,1,5,5
maxmin_diversity,16,39,156,4941.5,1.44,5,5,10,10,True,1,5,5
maxmin_diversity,16,40,160,4979.7,1.43,5,5,10,10,True,1,5,5
maxmin_diversity,16,41,164,5003.8,1.43,5,5,10,10,True,1,5,5
maxmin_diversity,20,20,80,2610.7,2.73,2,3,3,8,True,1,3,4
maxmin_diversity,20,21,84,2693.0,2.65,3,3,4,8,True,1,3,5
maxmin_diversity,20,22,88,2775.2,2.57,3,3,4,8,True,1,3,5
maxmin_diversity,20,23,92,2827.3,2.52,3,3,4,8,True,1,3,5
maxmin_diversity,20,24,96,2945.6,2.42,3,3,4,8,True,1,3,5
maxmin_diversity,20,25,100,3099.2,2.3,4,5,5,10,True,1,3,5
maxmin_diversity,20,26,104,3251.4,2.19,4,5,5,10,True,1,3,5
maxmin_diversity,20,27,108,3419.8,2.09,5,5,6,10,True,1,3,5
maxmin_diversity,20,28,112,3865.0,1.85,5,5,7,10,True,1,3,5
maxmin_diversity,20,29,116,3917.2,1.82,5,5,7,10,True,1,3,5
maxmin_diversity,20,30,120,4197.9,1.7,5,5,8,10,True,1,4,5
maxmin_diversity,20,31,124,4324.1,1.65,5,5,8,10,True,1,4,5
maxmin_diversity,20,32,128,4402.4,1.62,5,5,8,10,True,1,5,5
maxmin_diversity,20,33,132,4488.5,1.59,5,5,8,10,True,1,5,5
maxmin_diversity,20,34,136,4596.7,1.55,5,5,9,10,True,1,5,5
maxmin_diversity,20,35,140,4653.0,1.53,5,5,9,10,True,1,5,5
maxmin_diversity,20,36,144,4693.1,1.52,5,5,9,10,True,1,5,5
maxmin_diversity,20,37,148,4747.1,1.5,5,5,9,10,True,1,5,5
maxmin_diversity,20,38,152,4831.2,1.48,5,5,9,10,True,1,5,5
maxmin_diversity,20,39,156,4941.5,1.44,5,5,10,10,True,1,5,5
maxmin_diversity,20,40,160,4979.7,1.43,5,5,10,10,True,1,5,5
maxmin_diversity,20,41,164,5003.8,1.43,5,5,10,10,True,1,5,5
stratified_v7_score,5,5,20,673.9,10.59,0,0,0,0,False,,1,0
stratified_v7_score,5,6,24,826.1,8.64,0,0,0,0,False,,1,1
stratified_v7_score,5,7,28,1106.9,6.45,0,0,1,3,False,,1,1
stratified_v7_score,5,8,32,1237.1,5.77,0,0,1,4,False,,1,1
stratified_v7_score,5,9,36,1319.3,5.41,0,0,1,4,False,,1,1
stratified_v7_score,5,10,40,1445.5,4.94,0,0,1,4,False,,2,1
stratified_v7_score,5,11,44,1553.7,4.59,0,0,2,4,False,,2,1
stratified_v7_score,5,12,48,1710.1,4.17,0,0,2,4,False,,2,2
stratified_v7_score,5,13,52,2155.3,3.31,0,2,3,7,False,,2,3
stratified_v7_score,5,14,56,2307.6,3.09,0,2,3,7,False,,3,3
stratified_v7_score,5,15,60,2461.2,2.9,1,4,4,9,False,,3,3
stratified_v7_score,5,16,64,2543.6,2.8,2,4,5,9,False,,3,3
stratified_v7_score,5,17,68,2657.8,2.68,2,4,5,9,False,,3,3
stratified_v7_score,5,18,72,2814.1,2.54,2,4,5,9,False,,3,4
stratified_v7_score,5,19,76,2982.5,2.39,3,4,6,9,False,,3,4
stratified_v7_score,5,20,80,3106.7,2.3,3,4,6,9,False,,3,4
stratified_v7_score,5,21,84,3217.0,2.22,3,4,7,9,False,,3,5
stratified_v7_score,5,22,88,3295.2,2.17,3,4,7,9,False,,3,5
stratified_v7_score,5,23,92,3361.5,2.12,3,4,7,9,False,,3,5
stratified_v7_score,5,24,96,3449.8,2.07,4,4,8,9,False,,3,5
stratified_v7_score,5,25,100,3606.1,1.98,4,4,8,9,False,,3,5
stratified_v7_score,5,26,104,3760.4,1.9,5,5,9,10,True,1,3,5
stratified_v7_score,5,27,108,3844.5,1.86,5,5,9,10,True,1,3,5
stratified_v7_score,5,28,112,4044.8,1.76,5,5,10,10,True,1,3,5
stratified_v7_score,5,29,116,4123.0,1.73,5,5,10,10,True,1,3,5
stratified_v7_score,5,30,120,4229.6,1.69,5,5,10,10,True,1,4,5
stratified_v7_score,5,31,124,4269.9,1.67,5,5,10,10,True,1,4,5
stratified_v7_score,5,32,128,4334.1,1.65,5,5,10,10,True,1,5,5
stratified_v7_score,5,33,132,4470.4,1.6,5,5,10,10,True,1,5,5
stratified_v7_score,5,34,136,4574.7,1.56,5,5,10,10,True,1,5,5
stratified_v7_score,5,35,140,4613.0,1.55,5,5,10,10,True,1,5,5
stratified_v7_score,5,36,144,4665.0,1.53,5,5,10,10,True,1,5,5
stratified_v7_score,5,37,148,4719.1,1.51,5,5,10,10,True,1,5,5
stratified_v7_score,5,38,152,4805.2,1.48,5,5,10,10,True,1,5,5
stratified_v7_score,5,39,156,4829.2,1.48,5,5,10,10,True,1,5,5
stratified_v7_score,5,40,160,4881.4,1.46,5,5,10,10,True,1,5,5
stratified_v7_score,5,41,164,5003.8,1.43,5,5,10,10,True,1,5,5
stratified_v7_score,8,8,32,1080.0,6.61,1,4,2,6,False,,1,1
stratified_v7_score,8,9,36,1236.3,5.77,1,4,2,6,False,,1,1
stratified_v7_score,8,10,40,1366.5,5.22,1,4,2,6,False,,2,1
stratified_v7_score,8,11,44,1480.8,4.82,1,4,2,6,False,,2,1
stratified_v7_score,8,12,48,1563.1,4.56,2,4,3,6,False,,2,2
stratified_v7_score,8,13,52,1651.4,4.32,3,4,4,6,False,,2,3
stratified_v7_score,8,14,56,1803.6,3.96,3,4,4,6,False,,3,3
stratified_v7_score,8,15,60,1960.0,3.64,3,4,4,6,False,,3,3
stratified_v7_score,8,16,64,2042.2,3.49,3,4,4,6,False,,3,3
stratified_v7_score,8,17,68,2166.4,3.29,3,4,4,6,False,,3,3
stratified_v7_score,8,18,72,2276.7,3.13,3,4,5,6,False,,3,4
stratified_v7_score,8,19,76,2557.4,2.79,3,4,6,9,False,,3,4
stratified_v7_score,8,20,80,2665.6,2.68,3,4,7,9,False,,3,4
stratified_v7_score,8,21,84,2834.0,2.52,4,4,8,9,False,,3,5
stratified_v7_score,8,22,88,2970.2,2.4,4,4,8,9,False,,3,5
stratified_v7_score,8,23,92,3120.7,2.29,4,4,8,9,False,,3,5
stratified_v7_score,8,24,96,3204.8,2.23,4,4,8,9,False,,3,5
stratified_v7_score,8,25,100,3261.0,2.19,4,4,8,9,False,,3,5
stratified_v7_score,8,26,104,3413.4,2.09,4,4,8,9,False,,3,5
stratified_v7_score,8,27,108,3613.7,1.97,4,4,9,9,False,,3,5
stratified_v7_score,8,28,112,3768.0,1.89,5,5,10,10,True,1,3,5
stratified_v7_score,8,29,116,3832.3,1.86,5,5,10,10,True,1,3,5
stratified_v7_score,8,30,120,3936.7,1.81,5,5,10,10,True,1,4,5
stratified_v7_score,8,31,124,4092.9,1.74,5,5,10,10,True,1,4,5
stratified_v7_score,8,32,128,4401.8,1.62,5,5,10,10,True,1,5,5
stratified_v7_score,8,33,132,4480.0,1.59,5,5,10,10,True,1,5,5
stratified_v7_score,8,34,136,4566.1,1.56,5,5,10,10,True,1,5,5
stratified_v7_score,8,35,140,4606.3,1.55,5,5,10,10,True,1,5,5
stratified_v7_score,8,36,144,4660.4,1.53,5,5,10,10,True,1,5,5
stratified_v7_score,8,37,148,4782.7,1.49,5,5,10,10,True,1,5,5
stratified_v7_score,8,38,152,4889.3,1.46,5,5,10,10,True,1,5,5
stratified_v7_score,8,39,156,4913.3,1.45,5,5,10,10,True,1,5,5
stratified_v7_score,8,40,160,4965.5,1.44,5,5,10,10,True,1,5,5
stratified_v7_score,8,41,164,5003.8,1.43,5,5,10,10,True,1,5,5
stratified_v7_score,10,10,40,1082.5,6.59,3,5,5,10,True,1,2,1
stratified_v7_score,10,11,44,1164.7,6.13,3,5,5,10,True,1,2,1
stratified_v7_score,10,12,48,1279.0,5.58,3,5,5,10,True,1,2,2
stratified_v7_score,10,13,52,1435.2,4.97,3,5,5,10,True,1,2,3
stratified_v7_score,10,14,56,1591.5,4.48,3,5,5,10,True,1,3,3
stratified_v7_score,10,15,60,1727.8,4.13,3,5,5,10,True,1,3,3
stratified_v7_score,10,16,64,1806.0,3.95,3,5,5,10,True,1,3,3
stratified_v7_score,10,17,68,1936.3,3.68,3,5,5,10,True,1,3,3
stratified_v7_score,10,18,72,2088.5,3.42,3,5,5,10,True,1,3,4
stratified_v7_score,10,19,76,2369.2,3.01,3,5,6,10,True,1,3,4
stratified_v7_score,10,20,80,2525.6,2.82,3,5,6,10,True,1,3,4
stratified_v7_score,10,21,84,2613.9,2.73,4,5,7,10,True,1,3,5
stratified_v7_score,10,22,88,3059.0,2.33,4,5,8,10,True,1,3,5
stratified_v7_score,10,23,92,3145.1,2.27,4,5,8,10,True,1,3,5
stratified_v7_score,10,24,96,3298.7,2.16,5,5,9,10,True,1,3,5
stratified_v7_score,10,25,100,3425.0,2.08,5,5,9,10,True,1,3,5
stratified_v7_score,10,26,104,3575.4,2.0,5,5,9,10,True,1,3,5
stratified_v7_score,10,27,108,3775.7,1.89,5,5,10,10,True,1,3,5
stratified_v7_score,10,28,112,3831.9,1.86,5,5,10,10,True,1,3,5
stratified_v7_score,10,29,116,3898.2,1.83,5,5,10,10,True,1,3,5
stratified_v7_score,10,30,120,3976.4,1.79,5,5,10,10,True,1,4,5
stratified_v7_score,10,31,124,4128.8,1.73,5,5,10,10,True,1,4,5
stratified_v7_score,10,32,128,4212.9,1.69,5,5,10,10,True,1,5,5
stratified_v7_score,10,33,132,4277.2,1.67,5,5,10,10,True,1,5,5
stratified_v7_score,10,34,136,4381.5,1.63,5,5,10,10,True,1,5,5
stratified_v7_score,10,35,140,4433.6,1.61,5,5,10,10,True,1,5,5
stratified_v7_score,10,36,144,4540.2,1.57,5,5,10,10,True,1,5,5
stratified_v7_score,10,37,148,4849.0,1.47,5,5,10,10,True,1,5,5
stratified_v7_score,10,38,152,4889.3,1.46,5,5,10,10,True,1,5,5
stratified_v7_score,10,39,156,4927.5,1.45,5,5,10,10,True,1,5,5
stratified_v7_score,10,40,160,4951.6,1.44,5,5,10,10,True,1,5,5
stratified_v7_score,10,41,164,5003.8,1.43,5,5,10,10,True,1,5,5
stratified_v7_score,13,13,52,1403.8,5.08,2,2,2,4,False,,2,3
stratified_v7_score,13,14,56,1518.1,4.7,2,2,2,4,False,,3,3
stratified_v7_score,13,15,60,1686.4,4.23,3,4,3,6,False,,3,3
stratified_v7_score,13,16,64,1842.7,3.87,3,4,3,6,False,,3,3
stratified_v7_score,13,17,68,2123.4,3.36,3,4,4,9,False,,3,3
stratified_v7_score,13,18,72,2205.6,3.23,3,4,4,9,False,,3,4
stratified_v7_score,13,19,76,2362.0,3.02,3,4,4,9,False,,3,4
stratified_v7_score,13,20,80,2515.6,2.84,4,4,5,9,False,,3,4
stratified_v7_score,13,21,84,2645.8,2.7,4,4,5,9,False,,3,5
stratified_v7_score,13,22,88,2756.0,2.59,4,4,6,9,False,,3,5
stratified_v7_score,13,23,92,2912.4,2.45,4,4,6,9,False,,3,5
stratified_v7_score,13,24,96,2996.5,2.38,4,4,6,9,False,,3,5
stratified_v7_score,13,25,100,3150.8,2.26,5,5,7,10,True,1,3,5
stratified_v7_score,13,26,104,3351.1,2.13,5,5,8,10,True,1,3,5
stratified_v7_score,13,27,108,3487.3,2.05,5,5,8,10,True,1,3,5
stratified_v7_score,13,28,112,3591.7,1.99,5,5,8,10,True,1,3,5
stratified_v7_score,13,29,116,3699.9,1.93,5,5,9,10,True,1,3,5
stratified_v7_score,13,30,120,4145.1,1.72,5,5,10,10,True,1,4,5
stratified_v7_score,13,31,124,4271.3,1.67,5,5,10,10,True,1,4,5
stratified_v7_score,13,32,128,4335.6,1.65,5,5,10,10,True,1,5,5
stratified_v7_score,13,33,132,4375.9,1.63,5,5,10,10,True,1,5,5
stratified_v7_score,13,34,136,4428.0,1.61,5,5,10,10,True,1,5,5
stratified_v7_score,13,35,140,4580.3,1.56,5,5,10,10,True,1,5,5
stratified_v7_score,13,36,144,4634.4,1.54,5,5,10,10,True,1,5,5
stratified_v7_score,13,37,148,4741.0,1.5,5,5,10,10,True,1,5,5
stratified_v7_score,13,38,152,4863.3,1.47,5,5,10,10,True,1,5,5
stratified_v7_score,13,39,156,4941.5,1.44,5,5,10,10,True,1,5,5
stratified_v7_score,13,40,160,4965.5,1.44,5,5,10,10,True,1,5,5
stratified_v7_score,13,41,164,5003.8,1.43,5,5,10,10,True,1,5,5
stratified_v7_score,16,16,64,1795.9,3.97,3,4,4,8,False,,3,3
stratified_v7_score,16,17,68,1950.3,3.66,4,5,5,9,True,1,3,3
stratified_v7_score,16,18,72,2080.5,3.43,4,5,5,10,True,1,3,4
stratified_v7_score,16,19,76,2158.7,3.3,4,5,5,10,True,1,3,4
stratified_v7_score,16,20,80,2309.1,3.09,4,5,5,10,True,1,3,4
stratified_v7_score,16,21,84,2754.3,2.59,4,5,6,10,True,1,3,5
stratified_v7_score,16,22,88,2910.6,2.45,4,5,6,10,True,1,3,5
stratified_v7_score,16,23,92,3066.9,2.33,4,5,6,10,True,1,3,5
stratified_v7_score,16,24,96,3219.2,2.22,4,5,6,10,True,1,3,5
stratified_v7_score,16,25,100,3387.6,2.11,5,5,7,10,True,1,3,5
stratified_v7_score,16,26,104,3469.8,2.06,5,5,7,10,True,1,3,5
stratified_v7_score,16,27,108,3778.6,1.89,5,5,7,10,True,1,3,5
stratified_v7_score,16,28,112,3856.8,1.85,5,5,7,10,True,1,3,5
stratified_v7_score,16,29,116,3967.0,1.8,5,5,8,10,True,1,3,5
stratified_v7_score,16,30,120,4075.3,1.75,5,5,9,10,True,1,4,5
stratified_v7_score,16,31,124,4139.5,1.72,5,5,9,10,True,1,4,5
stratified_v7_score,16,32,128,4205.8,1.7,5,5,9,10,True,1,5,5
stratified_v7_score,16,33,132,4291.9,1.66,5,5,9,10,True,1,5,5
stratified_v7_score,16,34,136,4572.7,1.56,5,5,10,10,True,1,5,5
stratified_v7_score,16,35,140,4628.9,1.54,5,5,10,10,True,1,5,5
stratified_v7_score,16,36,144,4713.0,1.51,5,5,10,10,True,1,5,5
stratified_v7_score,16,37,148,4835.4,1.48,5,5,10,10,True,1,5,5
stratified_v7_score,16,38,152,4887.4,1.46,5,5,10,10,True,1,5,5
stratified_v7_score,16,39,156,4941.5,1.44,5,5,10,10,True,1,5,5
stratified_v7_score,16,40,160,4979.7,1.43,5,5,10,10,True,1,5,5
stratified_v7_score,16,41,164,5003.8,1.43,5,5,10,10,True,1,5,5
stratified_v7_score,20,20,80,2341.2,3.05,2,4,5,9,False,,3,4
stratified_v7_score,20,21,84,2471.4,2.89,2,4,5,9,False,,3,5
stratified_v7_score,20,22,88,2623.7,2.72,2,4,5,9,False,,3,5
stratified_v7_score,20,23,92,2780.0,2.57,2,4,5,9,False,,3,5
stratified_v7_score,20,24,96,2936.4,2.43,2,4,5,9,False,,3,5
stratified_v7_score,20,25,100,3018.6,2.36,2,4,5,9,False,,3,5
stratified_v7_score,20,26,104,3126.8,2.28,2,4,6,9,False,,3,5
stratified_v7_score,20,27,108,3215.1,2.22,3,4,7,9,False,,3,5
stratified_v7_score,20,28,112,3383.5,2.11,4,4,8,9,False,,3,5
stratified_v7_score,20,29,116,3467.6,2.06,4,4,8,9,False,,3,5
stratified_v7_score,20,30,120,3621.9,1.97,5,5,9,10,True,1,4,5
stratified_v7_score,20,31,124,3772.3,1.89,5,5,9,10,True,1,4,5
stratified_v7_score,20,32,128,3928.6,1.82,5,5,9,10,True,1,5,5
stratified_v7_score,20,33,132,4128.9,1.73,5,5,10,10,True,1,5,5
stratified_v7_score,20,34,136,4437.7,1.61,5,5,10,10,True,1,5,5
stratified_v7_score,20,35,140,4523.8,1.58,5,5,10,10,True,1,5,5
stratified_v7_score,20,36,144,4580.1,1.56,5,5,10,10,True,1,5,5
stratified_v7_score,20,37,148,4684.4,1.52,5,5,10,10,True,1,5,5
stratified_v7_score,20,38,152,4806.8,1.48,5,5,10,10,True,1,5,5
stratified_v7_score,20,39,156,4913.3,1.45,5,5,10,10,True,1,5,5
stratified_v7_score,20,40,160,4965.5,1.44,5,5,10,10,True,1,5,5
stratified_v7_score,20,41,164,5003.8,1.43,5,5,10,10,True,1,5,5
random_seed0,5,5,20,931.6,7.66,1,4,3,6,False,,1,0
random_seed0,5,6,24,1087.9,6.56,1,4,3,6,False,,1,1
random_seed0,5,7,28,1218.1,5.86,1,4,3,6,False,,1,1
random_seed0,5,8,32,1332.3,5.35,1,4,3,6,False,,1,1
random_seed0,5,9,36,1613.1,4.42,1,4,4,9,False,,1,1
random_seed0,5,10,40,1765.3,4.04,1,4,4,9,False,,2,1
random_seed0,5,11,44,1847.6,3.86,2,4,5,9,False,,2,1
random_seed0,5,12,48,1971.9,3.62,2,4,5,9,False,,2,2
random_seed0,5,13,52,2124.2,3.36,2,4,5,9,False,,2,3
random_seed0,5,14,56,2280.6,3.13,2,4,5,9,False,,3,3
random_seed0,5,15,60,2336.8,3.05,2,4,5,9,False,,3,3
random_seed0,5,16,64,2455.2,2.91,2,4,5,9,False,,3,3
random_seed0,5,17,68,2609.5,2.73,3,5,6,10,True,1,3,3
random_seed0,5,18,72,2691.7,2.65,3,5,6,10,True,1,3,4
random_seed0,5,19,76,2842.1,2.51,3,5,6,10,True,1,3,4
random_seed0,5,20,80,2920.4,2.44,3,5,6,10,True,1,3,4
random_seed0,5,21,84,3004.5,2.37,3,5,6,10,True,1,3,5
random_seed0,5,22,88,3130.7,2.28,3,5,6,10,True,1,3,5
random_seed0,5,23,92,3439.6,2.07,3,5,6,10,True,1,3,5
random_seed0,5,24,96,3527.8,2.02,4,5,7,10,True,1,3,5
random_seed0,5,25,100,3696.2,1.93,5,5,8,10,True,1,3,5
random_seed0,5,26,104,3896.5,1.83,5,5,9,10,True,1,3,5
random_seed0,5,27,108,3974.7,1.79,5,5,9,10,True,1,3,5
random_seed0,5,28,112,4039.0,1.77,5,5,9,10,True,1,3,5
random_seed0,5,29,116,4147.2,1.72,5,5,10,10,True,1,3,5
random_seed0,5,30,120,4251.6,1.68,5,5,10,10,True,1,4,5
random_seed0,5,31,124,4387.8,1.63,5,5,10,10,True,1,4,5
random_seed0,5,32,128,4439.9,1.61,5,5,10,10,True,1,5,5
random_seed0,5,33,132,4480.2,1.59,5,5,10,10,True,1,5,5
random_seed0,5,34,136,4534.2,1.57,5,5,10,10,True,1,5,5
random_seed0,5,35,140,4620.3,1.54,5,5,10,10,True,1,5,5
random_seed0,5,36,144,4742.7,1.5,5,5,10,10,True,1,5,5
random_seed0,5,37,148,4794.9,1.49,5,5,10,10,True,1,5,5
random_seed0,5,38,152,4834.9,1.48,5,5,10,10,True,1,5,5
random_seed0,5,39,156,4941.5,1.44,5,5,10,10,True,1,5,5
random_seed0,5,40,160,4979.7,1.43,5,5,10,10,True,1,5,5
random_seed0,5,41,164,5003.8,1.43,5,5,10,10,True,1,5,5
random_seed0,8,8,32,1104.5,6.46,1,2,2,5,False,,1,1
random_seed0,8,9,36,1144.8,6.23,1,2,2,5,False,,1,1
random_seed0,8,10,40,1301.1,5.48,1,2,2,5,False,,2,1
random_seed0,8,11,44,1453.4,4.91,1,2,2,5,False,,2,1
random_seed0,8,12,48,1583.6,4.51,1,2,2,6,False,,2,2
random_seed0,8,13,52,1671.9,4.27,2,4,3,9,False,,2,3
random_seed0,8,14,56,1754.1,4.07,2,4,3,9,False,,3,3
random_seed0,8,15,60,1836.4,3.88,3,4,4,9,False,,3,3
random_seed0,8,16,64,2281.6,3.13,3,4,5,9,False,,3,3
random_seed0,8,17,68,2437.8,2.93,3,4,5,9,False,,3,3
random_seed0,8,18,72,2590.2,2.75,3,4,5,9,False,,3,4
random_seed0,8,19,76,2700.4,2.64,3,4,6,9,False,,3,4
random_seed0,8,20,80,2814.7,2.53,3,4,6,9,False,,3,4
random_seed0,8,21,84,2940.9,2.43,3,4,6,9,False,,3,5
random_seed0,8,22,88,2997.2,2.38,3,4,6,9,False,,3,5
random_seed0,8,23,92,3105.4,2.3,3,4,7,9,False,,3,5
random_seed0,8,24,96,3305.7,2.16,3,4,8,9,False,,3,5
random_seed0,8,25,100,3372.0,2.12,3,4,8,9,False,,3,5
random_seed0,8,26,104,3456.1,2.06,3,4,8,9,False,,3,5
random_seed0,8,27,108,3764.9,1.89,3,4,8,9,False,,3,5
random_seed0,8,28,112,3843.2,1.86,3,4,8,9,False,,3,5
random_seed0,8,29,116,3999.5,1.78,3,4,8,9,False,,3,5
random_seed0,8,30,120,4153.9,1.72,4,5,9,10,True,1,4,5
random_seed0,8,31,124,4307.4,1.66,5,5,10,10,True,1,4,5
random_seed0,8,32,128,4411.8,1.62,5,5,10,10,True,1,5,5
random_seed0,8,33,132,4463.9,1.6,5,5,10,10,True,1,5,5
random_seed0,8,34,136,4528.1,1.58,5,5,10,10,True,1,5,5
random_seed0,8,35,140,4606.3,1.55,5,5,10,10,True,1,5,5
random_seed0,8,36,144,4660.4,1.53,5,5,10,10,True,1,5,5
random_seed0,8,37,148,4767.0,1.5,5,5,10,10,True,1,5,5
random_seed0,8,38,152,4791.0,1.49,5,5,10,10,True,1,5,5
random_seed0,8,39,156,4913.3,1.45,5,5,10,10,True,1,5,5
random_seed0,8,40,160,4951.6,1.44,5,5,10,10,True,1,5,5
random_seed0,8,41,164,5003.8,1.43,5,5,10,10,True,1,5,5
random_seed0,10,10,40,1210.9,5.89,1,2,2,6,False,,2,1
random_seed0,10,11,44,1321.1,5.4,1,2,3,6,False,,2,1
random_seed0,10,12,48,1439.5,4.96,1,2,3,6,False,,2,2
random_seed0,10,13,52,1569.7,4.54,1,2,3,6,False,,2,3
random_seed0,10,14,56,1721.9,4.14,1,2,3,6,False,,3,3
random_seed0,10,15,60,1830.1,3.9,1,2,4,6,False,,3,3
random_seed0,10,16,64,1918.4,3.72,2,4,5,9,False,,3,3
random_seed0,10,17,68,2000.7,3.57,3,4,6,9,False,,3,3
random_seed0,10,18,72,2041.0,3.5,3,4,6,9,False,,3,4
random_seed0,10,19,76,2167.3,3.29,3,4,6,9,False,,3,4
random_seed0,10,20,80,2319.6,3.08,3,4,6,9,False,,3,4
random_seed0,10,21,84,2443.9,2.92,3,4,6,9,False,,3,5
random_seed0,10,22,88,2597.4,2.75,4,4,7,9,False,,3,5
random_seed0,10,23,92,2653.7,2.69,4,4,7,9,False,,3,5
random_seed0,10,24,96,3098.9,2.3,4,4,8,9,False,,3,5
random_seed0,10,25,100,3165.1,2.25,4,4,8,9,False,,3,5
random_seed0,10,26,104,3315.6,2.15,4,4,8,9,False,,3,5
random_seed0,10,27,108,3393.8,2.1,4,4,8,9,False,,3,5
random_seed0,10,28,112,3548.1,2.01,5,5,9,10,True,1,3,5
random_seed0,10,29,116,3857.0,1.85,5,5,9,10,True,1,3,5
random_seed0,10,30,120,4013.2,1.78,5,5,9,10,True,1,4,5
random_seed0,10,31,124,4169.6,1.71,5,5,9,10,True,1,4,5
random_seed0,10,32,128,4221.6,1.69,5,5,9,10,True,1,5,5
random_seed0,10,33,132,4326.0,1.65,5,5,9,10,True,1,5,5
random_seed0,10,34,136,4432.6,1.61,5,5,9,10,True,1,5,5
random_seed0,10,35,140,4632.9,1.54,5,5,10,10,True,1,5,5
random_seed0,10,36,144,4755.2,1.5,5,5,10,10,True,1,5,5
random_seed0,10,37,148,4807.4,1.48,5,5,10,10,True,1,5,5
random_seed0,10,38,152,4847.5,1.47,5,5,10,10,True,1,5,5
random_seed0,10,39,156,4925.7,1.45,5,5,10,10,True,1,5,5
random_seed0,10,40,160,4979.7,1.43,5,5,10,10,True,1,5,5
random_seed0,10,41,164,5003.8,1.43,5,5,10,10,True,1,5,5
random_seed0,13,13,52,1981.1,3.6,2,4,6,9,False,,2,3
random_seed0,13,14,56,2137.5,3.34,2,4,6,9,False,,3,3
random_seed0,13,15,60,2267.7,3.15,2,4,6,9,False,,3,3
random_seed0,13,16,64,2323.9,3.07,2,4,6,9,False,,3,3
random_seed0,13,17,68,2476.3,2.88,2,4,6,9,False,,3,3
random_seed0,13,18,72,2626.7,2.72,2,4,6,9,False,,3,4
random_seed0,13,19,76,2752.9,2.59,2,4,6,9,False,,3,4
random_seed0,13,20,80,2835.3,2.52,3,4,7,9,False,,3,4
random_seed0,13,21,84,3144.1,2.27,3,4,7,9,False,,3,5
random_seed0,13,22,88,3252.3,2.19,3,4,8,9,False,,3,5
random_seed0,13,23,92,3376.6,2.11,3,4,8,9,False,,3,5
random_seed0,13,24,96,3530.1,2.02,4,4,9,9,False,,3,5
random_seed0,13,25,100,3648.5,1.96,4,4,9,9,False,,3,5
random_seed0,13,26,104,3732.6,1.91,4,4,9,9,False,,3,5
random_seed0,13,27,108,3846.8,1.85,4,4,9,9,False,,3,5
random_seed0,13,28,112,4003.2,1.78,4,4,9,9,False,,3,5
random_seed0,13,29,116,4067.4,1.75,4,4,9,9,False,,3,5
random_seed0,13,30,120,4145.6,1.72,4,4,9,9,False,,4,5
random_seed0,13,31,124,4227.8,1.69,4,4,9,9,False,,4,5
random_seed0,13,32,128,4382.2,1.63,5,5,10,10,True,1,5,5
random_seed0,13,33,132,4448.4,1.6,5,5,10,10,True,1,5,5
random_seed0,13,34,136,4534.6,1.57,5,5,10,10,True,1,5,5
random_seed0,13,35,140,4670.8,1.53,5,5,10,10,True,1,5,5
random_seed0,13,36,144,4793.1,1.49,5,5,10,10,True,1,5,5
random_seed0,13,37,148,4833.4,1.48,5,5,10,10,True,1,5,5
random_seed0,13,38,152,4887.5,1.46,5,5,10,10,True,1,5,5
random_seed0,13,39,156,4927.5,1.45,5,5,10,10,True,1,5,5
random_seed0,13,40,160,4979.7,1.43,5,5,10,10,True,1,5,5
random_seed0,13,41,164,5003.8,1.43,5,5,10,10,True,1,5,5
random_seed0,16,16,64,1882.6,3.79,2,4,4,9,False,,3,3
random_seed0,16,17,68,1970.8,3.62,3,4,5,9,False,,3,3
random_seed0,16,18,72,2127.2,3.35,3,4,5,9,False,,3,4
random_seed0,16,19,76,2279.4,3.13,3,4,5,9,False,,3,4
random_seed0,16,20,80,2409.6,2.96,3,4,5,9,False,,3,4
random_seed0,16,21,84,2854.8,2.5,3,4,6,9,False,,3,5
random_seed0,16,22,88,2965.1,2.41,3,4,7,9,False,,3,5
random_seed0,16,23,92,3117.4,2.29,3,4,7,9,False,,3,5
random_seed0,16,24,96,3199.6,2.23,3,4,7,9,False,,3,5
random_seed0,16,25,100,3265.9,2.18,3,4,7,9,False,,3,5
random_seed0,16,26,104,3344.2,2.13,3,4,7,9,False,,3,5
random_seed0,16,27,108,3400.4,2.1,3,4,7,9,False,,3,5
random_seed0,16,28,112,3554.0,2.01,4,4,8,9,False,,3,5
random_seed0,16,29,116,3690.2,1.93,4,4,8,9,False,,3,5
random_seed0,16,30,120,3844.6,1.86,5,5,9,10,True,1,4,5
random_seed0,16,31,124,4153.4,1.72,5,5,9,10,True,1,4,5
random_seed0,16,32,128,4353.7,1.64,5,5,10,10,True,1,5,5
random_seed0,16,33,132,4431.9,1.61,5,5,10,10,True,1,5,5
random_seed0,16,34,136,4582.3,1.56,5,5,10,10,True,1,5,5
random_seed0,16,35,140,4634.4,1.54,5,5,10,10,True,1,5,5
random_seed0,16,36,144,4674.7,1.53,5,5,10,10,True,1,5,5
random_seed0,16,37,148,4779.0,1.49,5,5,10,10,True,1,5,5
random_seed0,16,38,152,4885.6,1.46,5,5,10,10,True,1,5,5
random_seed0,16,39,156,4939.7,1.44,5,5,10,10,True,1,5,5
random_seed0,16,40,160,4963.7,1.44,5,5,10,10,True,1,5,5
random_seed0,16,41,164,5003.8,1.43,5,5,10,10,True,1,5,5
random_seed0,20,20,80,2096.3,3.4,3,4,6,9,False,,3,4
random_seed0,20,21,84,2226.5,3.2,3,4,6,9,False,,3,5
random_seed0,20,22,88,2671.7,2.67,3,4,7,9,False,,3,5
random_seed0,20,23,92,2755.8,2.59,3,4,7,9,False,,3,5
random_seed0,20,24,96,2912.1,2.45,3,4,7,9,False,,3,5
random_seed0,20,25,100,2994.5,2.38,4,4,8,9,False,,3,5
random_seed0,20,26,104,3112.8,2.29,4,4,8,9,False,,3,5
random_seed0,20,27,108,3263.2,2.19,4,4,8,9,False,,3,5
random_seed0,20,28,112,3341.4,2.14,4,4,8,9,False,,3,5
random_seed0,20,29,116,3541.7,2.01,4,4,9,9,False,,3,5
random_seed0,20,30,120,3696.0,1.93,5,5,10,10,True,1,4,5
random_seed0,20,31,124,3848.4,1.85,5,5,10,10,True,1,4,5
random_seed0,20,32,128,4004.7,1.78,5,5,10,10,True,1,5,5
random_seed0,20,33,132,4140.9,1.72,5,5,10,10,True,1,5,5
random_seed0,20,34,136,4449.8,1.6,5,5,10,10,True,1,5,5
random_seed0,20,35,140,4506.0,1.58,5,5,10,10,True,1,5,5
random_seed0,20,36,144,4570.3,1.56,5,5,10,10,True,1,5,5
random_seed0,20,37,148,4636.6,1.54,5,5,10,10,True,1,5,5
random_seed0,20,38,152,4722.7,1.51,5,5,10,10,True,1,5,5
random_seed0,20,39,156,4845.0,1.47,5,5,10,10,True,1,5,5
random_seed0,20,40,160,4951.6,1.44,5,5,10,10,True,1,5,5
random_seed0,20,41,164,5003.8,1.43,5,5,10,10,True,1,5,5
