ligand_id,name,smiles,source,chembl_id,activity_pchembl_max,activity_pchembl_n,activity_types,activity_note,is_reference
CHEMBL112,ACETAMINOPHEN,CC(=O)Nc1ccc(O)cc1,reference+chembl,CHEMBL112,,0,AC50|IC50|INH|Ki,Not Active (inhibition < 50% @ 10 uM and thus dose-reponse curve not measured) ; Summarised AC50 (mean value for measurements with a relation sign '='; largest value for measurements with relation sign '>'),true
CHEMBL113,CAFFEINE,Cn1c(=O)c2c(ncn2C)n(C)c1=O,reference+chembl,CHEMBL113,,0,AC50|IC50|Inhibition|Ki,Not Active (inhibition < 50% @ 10 uM and thus dose-reponse curve not measured) ; Summarised AC50 (mean value for measurements with a relation sign '='; largest value for measurements with relation sign '>'),true
CHEMBL118,CELECOXIB,Cc1ccc(-c2cc(C(F)(F)F)nn2-c2ccc(S(N)(=O)=O)cc2)cc1,reference+chembl,CHEMBL118,9.33,207,AC50|Activity|Delta G|FC|IC50|INH|Inhibition|Ka|Ki|T1/2,412290 ; Active ; Note: corresponding IC50 reported as Active ; Summarised AC50 (mean value for measurements with a relation sign '='; largest value for measurements with relation sign '>'),true
CHEMBL122,ROFECOXIB,CS(=O)(=O)c1ccc(C2=C(c3ccccc3)C(=O)OC2)cc1,reference+chembl,CHEMBL122,9.00,61,AC50|Activity|IC50|Inhibition|Ki|Ratio IC50,Active ; Note: corresponding IC50 reported as Active ; Summarised AC50 (mean value for measurements with a relation sign '='; largest value for measurements with relation sign '>'),true
CHEMBL12952,naproxen,COc1ccc2cc(C(C)C(=O)O)ccc2c1,reference+chembl,CHEMBL12952,6.55,1,IC50,,true
CHEMBL139,DICLOFENAC,O=C(O)Cc1ccccc1Nc1c(Cl)cccc1Cl,reference+chembl,CHEMBL139,8.30,24,AC50|IC50|Inhibition|Ki,Note: corresponding IC50 reported as Active ; Summarised AC50 (mean value for measurements with a relation sign '='; largest value for measurements with relation sign '>'),true
CHEMBL25,ASPIRIN,CC(=O)Oc1ccccc1C(=O)O,reference+chembl,CHEMBL25,5.62,13,AC50|Activity|IC50|Inhibition|Ka|Ki,Not Active ; Not Active (inhibition < 50% @ 10 uM and thus dose-reponse curve not measured) ; Summarised AC50 (mean value for measurements with a relation sign '='; largest value for measurements with relation sign '>'),true
CHEMBL521,IBUPROFEN,CC(C)Cc1ccc(C(C)C(=O)O)cc1,reference+chembl,CHEMBL521,7.00,35,AC50|IC50|Inhibition|Ki,Not Active ; Note: corresponding IC50 reported as Active ; Summarised AC50 (mean value for measurements with a relation sign '='; largest value for measurements with relation sign '>'),true
CHEMBL599,MELOXICAM,Cc1cnc(NC(=O)C2=C(O)c3ccccc3S(=O)(=O)N2C)s1,reference+chembl,CHEMBL599,6.80,9,AC50|IC50|Imax|Inhibition|Ki,Note: corresponding IC50 reported as Active ; Summarised AC50 (mean value for measurements with a relation sign '='; largest value for measurements with relation sign '>'),true
CHEMBL6,INDOMETHACIN,COc1ccc2c(c1)c(CC(=O)O)c(C)n2C(=O)c1ccc(Cl)cc1,reference+chembl,CHEMBL6,8.23,115,AC50|Activity|IC50|INH|Inhibition|Ka|Kd|Ki,Active ; ND ; Not Active ; Not Determined ; Note: corresponding IC50 reported as Active ; Summarised AC50 (mean value for measurements with a relation sign '='; largest value for measurements with relation sign '>'),true
REF_ethanol,ethanol,CCO,reference,,,0,,,true
CHEMBL111518,,NS(=O)(=O)c1ccc(-n2nc(C(F)(F)F)cc2-c2ccc3c(c2)OCO3)cc1,chembl_cox2_CHEMBL230,CHEMBL111518,7.62,1,IC50,,false
CHEMBL111786,,NS(=O)(=O)c1ccc(C2=C(c3ccc(F)c(Cl)c3)CCC2)cc1,chembl_cox2_CHEMBL230,CHEMBL111786,8.00,2,IC50,,false
CHEMBL116253,,Cc1ccncc1-c1c(Cl)ncn1-c1ccc(S(C)(=O)=O)cc1,chembl_cox2_CHEMBL230,CHEMBL116253,6.55,1,IC50|Inhibition,,false
CHEMBL118064,,NS(=O)(=O)c1ccc(-n2cnc(Cl)c2-c2ccccc2)cc1,chembl_cox2_CHEMBL230,CHEMBL118064,8.05,1,IC50|Inhibition|NT,Not Determined,false
CHEMBL119170,,CC(C)(C)c1cc(C(=O)NC2CC2)cc2c1OCC2(C)C,chembl_cox2_CHEMBL230,CHEMBL119170,6.26,1,IC50,,false
CHEMBL149781,,CC(=O)NCc1cc(-n2nc(C(F)(F)F)cc2-c2ccc(C)cc2)ccc1S(N)(=O)=O,chembl_cox2_CHEMBL230,CHEMBL149781,5.16,1,IC50,,false
CHEMBL16881,,COc1nnc(-c2cc(C(C)(C)C)c(O)c(C(C)(C)C)c2)s1,chembl_cox2_CHEMBL230,CHEMBL16881,5.52,1,IC50,,false
CHEMBL184613,,Cc1ccc2c(-c3ccc(S(C)(=O)=O)cc3)c(-c3ccccc3)nn2n1,chembl_cox2_CHEMBL230,CHEMBL184613,,0,IC50,,false
CHEMBL1909073,PIPERILATE ETHOBROMIDE,CC[N+]1(CCOC(=O)C(O)(c2ccccc2)c2ccccc2)CCCCC1,chembl_cox2_CHEMBL230,CHEMBL1909073,,0,IC50|Ki,Not Active (inhibition < 50% @ 10 uM and thus dose-reponse curve not measured),false
CHEMBL1956384,,NS(=O)(=O)c1ccc(-n2nnnc2-c2ccc(F)cc2)cc1,chembl_cox2_CHEMBL230,CHEMBL1956384,4.25,1,IC50,,false
CHEMBL203266,TRIMETAZIDINE,COc1ccc(CN2CCNCC2)c(OC)c1OC,chembl_cox2_CHEMBL230,CHEMBL203266,,0,AC50|IC50|Ki,Not Active (inhibition < 50% @ 10 uM and thus dose-reponse curve not measured) ; Summarised AC50 (mean value for measurements with a relation sign '='; largest value for measurements with relation sign '>'),false
CHEMBL2315019,,COc1ccc2cc([C@H](C)C(=O)n3c4ccccc4c(=O)c4ccccc43)ccc2c1,chembl_cox2_CHEMBL230,CHEMBL2315019,5.01,1,IC50,,false
CHEMBL2347673,,CCSc1nc(-c2ccc(Cl)cc2)c(-c2ccc(S(C)(=O)=O)cc2)[nH]1,chembl_cox2_CHEMBL230,CHEMBL2347673,6.96,1,IC50,,false
CHEMBL260553,,CC(C)=CCc1c(O)cc2oc3cc(O)c(O)c(CC=C(C)C)c3c(=O)c2c1O,chembl_cox2_CHEMBL230,CHEMBL260553,5.70,1,IC50,,false
CHEMBL283178,,CSc1ccc(-c2cc(C(F)(F)F)nn2-c2ccc(S(N)(=O)=O)cc2)cc1,chembl_cox2_CHEMBL230,CHEMBL283178,8.05,2,IC50,,false
CHEMBL284914,,FC(F)(F)c1cc(-c2ccc(Cl)cc2)n(-c2ccc(Cl)cc2)n1,chembl_cox2_CHEMBL230,CHEMBL284914,5.32,2,IC50,,false
CHEMBL322132,,CC1(C)OC(=O)C(Oc2cccc(F)c2)=C1c1ccc(S(C)(=O)=O)cc1,chembl_cox2_CHEMBL230,CHEMBL322132,7.70,2,IC50,,false
CHEMBL32749,FERULATE,COc1cc(/C=C/C(=O)O)ccc1O,chembl_cox2_CHEMBL230,CHEMBL32749,,0,IC50|Ki,Not Active (inhibition < 50% @ 10 uM and thus dose-reponse curve not measured),false
CHEMBL327900,,CS(=O)(=O)c1ccc(C2=C(c3ccc(F)cc3)CC3(CCCC3)C2)cc1,chembl_cox2_CHEMBL230,CHEMBL327900,7.21,3,IC50,,false
CHEMBL3400659,,CCC(C)C(=O)O[C@@]12[C@H](OC(=O)c3ccccc3)[C@@H](C)[C@@]3(O)[C@@H](C=C(CO)C[C@]4(O)C(=O)C(C)=C[C@@H]34)[C@@H]1C2(C)C,chembl_cox2_CHEMBL230,CHEMBL3400659,5.07,1,IC50,,false
CHEMBL34913,TILMACOXIB,Cc1nc(C2CCCCC2)c(-c2ccc(S(N)(=O)=O)c(F)c2)o1,chembl_cox2_CHEMBL230,CHEMBL34913,7.07,1,IC50|Inhibition,,false
CHEMBL395091,ESKETAMINE,CN[C@]1(c2ccccc2Cl)CCCCC1=O,chembl_cox2_CHEMBL230,CHEMBL395091,,0,AC50,Summarised AC50 (mean value for measurements with a relation sign '='; largest value for measurements with relation sign '>'),false
CHEMBL408215,,NS(=O)(=O)c1ccc(-c2nc(NCc3ccsc3)cc(C(F)(F)F)n2)cc1,chembl_cox2_CHEMBL230,CHEMBL408215,7.29,3,IC50|Ratio IC50,,false
CHEMBL411894,,NS(=O)(=O)c1ccc(-n2nc(C(F)(F)F)c3c2-c2cc(F)ccc2CS3)cc1,chembl_cox2_CHEMBL230,CHEMBL411894,7.68,2,IC50,,false
CHEMBL415324,TRANILAST,COc1ccc(/C=C/C(=O)Nc2ccccc2C(=O)O)cc1OC,chembl_cox2_CHEMBL230,CHEMBL415324,4.54,1,AC50|IC50|Ki,Not Active (inhibition < 50% @ 10 uM and thus dose-reponse curve not measured) ; Summarised AC50 (mean value for measurements with a relation sign '='; largest value for measurements with relation sign '>'),false
CHEMBL4544804,,COc1ccc(-c2c(-c3ccc(N)cc3)noc2C)cc1,chembl_cox2_CHEMBL230,CHEMBL4544804,,0,IC50,,false
CHEMBL457000,,CCCCCCC(Sc1nc(Cl)cc(Nc2cc(OCC(F)(F)F)cc(OCC(F)(F)F)c2)n1)C(=O)O,chembl_cox2_CHEMBL230,CHEMBL457000,,0,Activity,,false
CHEMBL4791577,,C/C(=N\NC(N)=S)c1nnn(-c2ccc(S(N)(=O)=O)cc2)c1C,chembl_cox2_CHEMBL230,CHEMBL4791577,7.30,1,IC50,,false
CHEMBL4799227,,CCOC(=O)C1CCN(C(=O)c2cc(-c3ccccc3)n(-c3ccc(S(N)(=O)=O)cc3)n2)CC1,chembl_cox2_CHEMBL230,CHEMBL4799227,5.38,1,IC50,,false
CHEMBL514817,,CN(C)CCC(=O)Nc1nc(C23CC4CC(CC(C4)C2)C3)cs1,chembl_cox2_CHEMBL230,CHEMBL514817,,0,Inhibition,,false
CHEMBL67324,,CS(=O)(=O)c1ccc(-c2cc(CO)nn2C2CCCC2)cc1,chembl_cox2_CHEMBL230,CHEMBL67324,,0,Inhibition,,false
CHEMBL67659,,CS(=O)(=O)c1ccc(-c2nn(CCc3ccccc3)c(C(F)(F)F)c2-c2ccc(F)cc2)cc1,chembl_cox2_CHEMBL230,CHEMBL67659,7.35,1,IC50,,false
CHEMBL67721,,CS(=O)(=O)c1ccc(-c2nn(CC(=O)Nc3ccccc3)c(C(F)(F)F)c2-c2ccc(F)cc2)cc1,chembl_cox2_CHEMBL230,CHEMBL67721,6.32,1,IC50,,false
CHEMBL76692,,COc1ccc(-c2c(-c3ccc(S(N)(=O)=O)cc3)oc3ccccc23)cc1F,chembl_cox2_CHEMBL230,CHEMBL76692,8.30,1,IC50,,false
